Model, MRP, Price, Avalability_status, Rating, Ram_Rom, Display, Camera, Battery
Nokia 5.1 Plus (Black| 32 GB),13199,10999,Coming Soon,4.6,3 GB RAM | 32 GB ROM | Expandable Upto 400 GB,14.73 cm (5.8 inch) HD+ Display,13MP + 5MP | 8MP Front Camera,3060 mAh Battery
Nokia 5.1 Plus (Blue| 32 GB),13199,10999,Coming Soon,4.6,3 GB RAM | 32 GB ROM | Expandable Upto 400 GB,14.73 cm (5.8 inch) HD+ Display,13MP + 5MP | 8MP Front Camera,3060 mAh Battery
Honor 7A (Gold| 32 GB),10999,8999,Available,4.2,3 GB RAM | 32 GB ROM | Expandable Upto 256 GB,14.48 cm (5.7 inch) HD+ Display,13MP + 2MP | 8.0MP Front Camera,3000 mAh Battery
Honor 7A (Blue| 32 GB),10999,8999,Available,4.2,3 GB RAM | 32 GB ROM | Expandable Upto 256 GB,14.48 cm (5.7 inch) HD+ Display,13MP + 2MP | 8.0MP Front Camera,3000 mAh Battery
Honor 7A (Black| 32 GB),10999,8999,Available,4.2,3 GB RAM | 32 GB ROM | Expandable Upto 256 GB,14.48 cm (5.7 inch) HD+ Display,13MP + 2MP | 8.0MP Front Camera,3000 mAh Battery
Asus Zenfone Max Pro M1 (Black| 32 GB),10999,10999,Available,4.2,3 GB RAM | 32 GB ROM | Expandable Upto 2 TB,15.21 cm (5.99 inch) Full HD+ Display,13MP + 5MP | 8MP Front Camera,5000 mAh Battery
Asus Zenfone Max Pro M1 (Black| 64 GB),12999,12999,Available,4.3,4 GB RAM | 64 GB ROM | Expandable Upto 2 TB,15.21 cm (5.99 inch) Full HD+ Display,13MP + 5MP | 8MP Front Camera,5000 mAh Battery
Honor 7S (Blue| 16 GB),8999,6999,Coming Soon,4.1,2 GB RAM | 16 GB ROM | Expandable Upto 256 GB,13.84 cm (5.45 inch) Display,13MP Rear Camera | 5MP Front Camera,3020 mAh Battery
Honor 7S (Black| 16 GB),8999,6999,Coming Soon,4.1,2 GB RAM | 16 GB ROM | Expandable Upto 256 GB,13.84 cm (5.45 inch) Display,13MP Rear Camera | 5MP Front Camera,3020 mAh Battery
Redmi 6 (Gold| 32 GB),8999,7999,Coming Soon,4.5,3 GB RAM | 32 GB ROM | Expandable Upto 256 GB,13.84 cm (5.45 inch) HD+ Display,12MP + 5MP | 5MP Front Camera,3000 mAh Lithium-polymer Battery
Honor 9N (Sapphire Blue| 32 GB),13999,11999,Available,4.3,3 GB RAM | 32 GB ROM | Expandable Upto 256 GB,14.83 cm (5.84 inches) Display,13MP + 2MP | 16MP Front Camera,3000 mAh Battery
Honor 9N (Midnight Black| 32 GB),13999,11999,Available,4.3,3 GB RAM | 32 GB ROM | Expandable Upto 256 GB,14.83 cm (5.84 inches) Display,13MP + 2MP | 16MP Front Camera,3000 mAh Battery
Asus Zenfone Max Pro M1 (Grey| 32 GB),10999,10999,Available,4.2,3 GB RAM | 32 GB ROM | Expandable Upto 2 TB,15.21 cm (5.99 inch) Full HD+ Display,13MP + 5MP | 8MP Front Camera,5000 mAh Battery
Vivo Y81 (Black| 32 GB),13990,11990,Available,4.3,3 GB RAM | 32 GB ROM | Expandable Upto 256 GB,15.49 cm (6.1 inch) HD+ Display,13MP Rear Camera | 5MP Front Camera,3260 mAh Li-ion Battery
Honor 9 Lite (Glacier Grey| 32 GB),13999,10999,Available,4.3,3 GB RAM | 32 GB ROM | Expandable Upto 256 GB,14.35 cm (5.65 inch) FHD+ Display,13MP + 2MP | 13MP + 2MP Dual Front Camera,3000 mAh Battery
Honor 9 Lite (Midnight Black| 32 GB),13999,10999,Available,4.3,3 GB RAM | 32 GB ROM | Expandable Upto 256 GB,14.35 cm (5.65 inch) FHD+ Display,13MP + 2MP | 13MP + 2MP Dual Front Camera,3000 mAh Battery
Vivo Y81 (Gold| 32 GB),13990,11990,Available,4.3,3 GB RAM | 32 GB ROM | Expandable Upto 256 GB,15.49 cm (6.1 inch) HD+ Display,13MP Rear Camera | 5MP Front Camera,3260 mAh Li-ion Battery
Honor 9 Lite (Sapphire Blue| 32 GB),13999,10999,Available,4.3,3 GB RAM | 32 GB ROM | Expandable Upto 256 GB,14.35 cm (5.65 inch) FHD+ Display,13MP + 2MP | 13MP + 2MP Dual Front Camera,3000 mAh Battery
Intex Indie 6 (Black| 16 GB),8499,4499,Available,4.2,2 GB RAM | 16 GB ROM | Expandable Upto 128 GB,12.7 cm (5 inch) HD Display,8MP Rear Camera | 8MP + 2MP Dual Front Camera,2400 mAh Li-ion Battery
Intex Indie 6 (Champagne| 16 GB),8499,4499,Available,4.2,2 GB RAM | 16 GB ROM | Expandable Upto 128 GB,12.7 cm (5 inch) HD Display,8MP Rear Camera | 8MP + 2MP Dual Front Camera,2400 mAh Li-ion Battery
Infinix Smart 2 (Serene Gold| 16 GB),6999,5999,Available,4.1,2 GB RAM | 16 GB ROM | Expandable Upto 128 GB,13.84 cm (5.45 inch) HD+ Display,13MP Rear Camera | 8MP Front Camera,3050 mAh Li-ion Polymer Battery
Infinix Smart 2 (Sandstone Black| 16 GB),6999,5999,Available,4.1,2 GB RAM | 16 GB ROM | Expandable Upto 128 GB,13.84 cm (5.45 inch) HD+ Display,13MP Rear Camera | 8MP Front Camera,3050 mAh Li-ion Polymer Battery
Redmi 5A (Grey| 32 GB),6999,6999,Coming Soon,4.4,3 GB RAM | 32 GB ROM | Expandable Upto 128 GB,12.7 cm (5 inch) HD Display,13MP Rear Camera | 5MP Front Camera,3000 mAh Li-polymer Battery
Redmi 5A (Blue| 32 GB),6999,6999,Coming Soon,4.4,3 GB RAM | 32 GB ROM | Expandable Upto 128 GB,12.7 cm (5 inch) HD Display,13MP Rear Camera | 5MP Front Camera,3000 mAh Li-polymer Battery
Redmi 5A (Gold| 16 GB),5999,5999,Coming Soon,4.5,2 GB RAM | 16 GB ROM | Expandable Upto 128 GB,12.7 cm (5 inch) HD Display,13MP Rear Camera | 5MP Front Camera,3000 mAh Li-polymer Battery
Redmi 5A (Grey| 16 GB),5999,5999,Coming Soon,4.5,2 GB RAM | 16 GB ROM | Expandable Upto 128 GB,12.7 cm (5 inch) HD Display,13MP Rear Camera | 5MP Front Camera,3000 mAh Li-polymer Battery
Redmi 5A (Rose Gold| 32 GB),6999,6999,Coming Soon,4.4,3 GB RAM | 32 GB ROM | Expandable Upto 128 GB,12.7 cm (5 inch) HD Display,13MP Rear Camera | 5MP Front Camera,3000 mAh Li-polymer Battery
Redmi 5A (Rose Gold| 16 GB),5999,5999,Coming Soon,4.5,2 GB RAM | 16 GB ROM | Expandable Upto 128 GB,12.7 cm (5 inch) HD Display,13MP Rear Camera | 5MP Front Camera,3000 mAh Li-polymer Battery
Samsung Galaxy J2 Core (Gold| 8 GB),7000,6190,Available,4.2,1 GB RAM | 8 GB ROM | Expandable Upto 256 GB,12.7 cm (5 inch) quarter HD Display,8MP Rear Camera | 5MP Front Camera,2600 mAh Battery
Samsung Galaxy J2 Core (Black| 8 GB),7000,6190,Available,4.2,1 GB RAM | 8 GB ROM | Expandable Upto 256 GB,12.7 cm (5 inch) quarter HD Display,8MP Rear Camera | 5MP Front Camera,2600 mAh Battery
Samsung Galaxy J4 (Gold| 16 GB),10990,8990,Available,4.3,2 GB RAM | 16 GB ROM | Expandable Upto 256 GB,13.97 cm (5.5 inch) HD Display,13MP Rear Camera | 5MP Front Camera,3000 mAh Battery
OPPO A71 New Edition (Gold| 16 GB),10990,9990,Available,4.2,3 GB RAM | 16 GB ROM | Expandable Upto 256 GB,13.21 cm (5.2 inch) HD Display,13MP Rear Camera | 5MP Front Camera,3000 mAh Lithium Battery
OPPO A3s (Purple| 16 GB),11990,10990,Available,4.3,2 GB RAM | 16 GB ROM | Expandable Upto 256 GB,15.75 cm (6.2 inch) HD+ Display,13MP + 2MP | 8MP Front Camera,4230 mAh Battery
OPPO A3s (Red| 32 GB),13990,12990,Available,4.4,3 GB RAM | 32 GB ROM | Expandable Upto 256 GB,15.75 cm (6.2 inch) HD+ Display,13MP + 2MP | 8MP Front Camera,4230 mAh Battery
Redmi 6 (Black| 32 GB),8999,7999,Coming Soon,4.5,3 GB RAM | 32 GB ROM | Expandable Upto 256 GB,13.84 cm (5.45 inch) HD+ Display,12MP + 5MP | 5MP Front Camera,3000 mAh Lithium-polymer Battery
OPPO A3s (Purple| 32 GB),13990,12990,Available,4.4,3 GB RAM | 32 GB ROM | Expandable Upto 256 GB,15.75 cm (6.2 inch) HD+ Display,13MP + 2MP | 8MP Front Camera,4230 mAh Battery
Samsung Galaxy J3 Pro (Black| 16 GB),8490,7490,Available,4.2,2 GB RAM | 16 GB ROM | Expandable Upto 128 GB,12.7 cm (5 inch) HD Display,8MP Rear Camera | 5MP Front Camera,2600 mAh Battery
OPPO A3s (Red| 16 GB),11990,10990,Available,4.3,2 GB RAM | 16 GB ROM | Expandable Upto 256 GB,15.75 cm (6.2 inch) HD+ Display,13MP + 2MP | 8MP Front Camera,4230 mAh Battery
Redmi 6 (Blue| 32 GB),8999,7999,Coming Soon,4.5,3 GB RAM | 32 GB ROM | Expandable Upto 256 GB,13.84 cm (5.45 inch) HD+ Display,12MP + 5MP | 5MP Front Camera,3000 mAh Lithium-polymer Battery
Lava Z61 (Gold| 16 GB),6500,6500,Available,4.1,1 GB RAM | 16 GB ROM | Expandable Upto 32 GB,13.84 cm (5.45 inch) HD+ Display,8MP Rear Camera | 5MP Front Camera,3000 mAh Battery
Samsung Galaxy J7 Prime (Gold| 32 GB),11950,11950,Available,4.2,3 GB RAM | 32 GB ROM | Expandable Upto 256 GB,13.97 cm (5.5 inch) Full HD Display,13MP Rear Camera | 8MP Front Camera,3300 mAh Battery
Redmi 5 (Black| 64 GB),11999,11999,Available,4.1,4 GB RAM | 64 GB ROM | Expandable Upto 128 GB,14.48 cm (5.7 inch) HD+ Display,12MP Rear Camera | 5MP Front Camera,3300 mAh Battery
Samsung Galaxy J2 2018 (Black| 16 GB),8200,7690,Available,4.2,2 GB RAM | 16 GB ROM | Expandable Upto 256 GB,12.7 cm (5 inch) Display,8MP Rear Camera | 5MP Front Camera,2600 mAh Battery
iVooMi iPro (Platinum Gold| 8 GB),5499,3999,Available,4.2,1 GB RAM | 8 GB ROM | Expandable Upto 128 GB,12.57 cm (4.95 inch) FWVGA Display,5MP Rear Camera | 5MP Front Camera,2000 mAh Li-ion Battery
iVooMi iPro (Indie Blue| 8 GB),5499,3999,Available,4.2,1 GB RAM | 8 GB ROM | Expandable Upto 128 GB,12.57 cm (4.95 inch) FWVGA Display,5MP Rear Camera | 5MP Front Camera,2000 mAh Li-ion Battery
Samsung Galaxy J7 Prime 2 (Gold| 32 GB),14990,10990,Available,4.3,3 GB RAM | 32 GB ROM |,13.97 cm (5.5 inch) Full HD Display,13MP Rear Camera | 13MP Front Camera,3300 mAh Li-ion Battery
Lenovo K8 Plus (Venom Black| 32 GB),10999,9999,Available,4.1,3 GB RAM | 32 GB ROM | Expandable Upto 128 GB,13.21 cm (5.2 inch) Full HD Display,13MP + 5MP | 8MP Front Camera,4000 mAh Battery
Samsung Galaxy J7 Nxt (Gold| 16 GB),10990,9490,Available,4.3,2 GB RAM | 16 GB ROM | Expandable Upto 256 GB,13.97 cm (5.5 inch) HD Display,13MP Rear Camera | 5MP Front Camera,3000 mAh Battery
Panasonic P90 (Black| 16 GB),5999,4999,Available,4.7,1 GB RAM | 16 GB ROM | Expandable Upto 32 GB,12.7 cm (5 inch) HD Display,5MP Rear Camera | 5MP Front Camera,2400 mAh Lithium-ion Battery
Samsung Galaxy J2 Pro (Gold| 16 GB),8200,7690,Available,4.1,2 GB RAM | 16 GB ROM | Expandable Upto 128 GB,12.7 cm (5 inch) HD Display,8MP Rear Camera | 5MP Front Camera,2600 mAh Battery
Samsung Galaxy J4 (Blue| 16 GB),10990,8990,Available,4.3,2 GB RAM | 16 GB ROM | Expandable Upto 256 GB,13.97 cm (5.5 inch) HD Display,13MP Rear Camera | 5MP Front Camera,3000 mAh Battery
Moto G5s Plus (Lunar Grey| 64 GB),12885,12885,Available,4.2,4 GB RAM | 64 GB ROM | Expandable Upto 128 GB,13.97 cm (5.5 inch) Full HD Display,13MP + 13MP | 8MP Front Camera,3000 mAh Lithium-ion Battery
Gionee M7 Power (Black| 64 GB),12884,12884,Available,4.2,4 GB RAM | 64 GB ROM | Expandable Upto 256 GB,15.24 cm (6.0 inch) HD+ Display,13MP Rear Camera | 8MP Front Camera,5000 mAh Li-poly Battery
Lava Z61 (Black| 16 GB),5750,5750,Available,4.1,1 GB RAM | 16 GB ROM | Expandable Upto 32 GB,13.84 cm (5.45 inch) HD+ Display,8MP Rear Camera | 5MP Front Camera,3000 mAh Battery
Samsung Galaxy J3 Pro (White| 16 GB),8490,7490,Available,4.2,2 GB RAM | 16 GB ROM | Expandable Upto 128 GB,12.7 cm (5 inch) HD Display,8MP Rear Camera | 5MP Front Camera,2600 mAh Battery
Micromax Canvas Infinity (Black| 32 GB),9999,8490,Available,4.1,3 GB RAM | 32 GB ROM |,14.48 cm (5.7 inch) HD Display,13MP Rear Camera | 16MP Front Camera,2900 mAh Polymer Battery
Moto G5s (Lunar Gray| 32 GB),10899,10899,Available,4.1,4 GB RAM | 32 GB ROM | Expandable Upto 128 GB,13.21 cm (5.2 inch) Full HD Display,16MP Rear Camera | 5MP Front Camera,3000 mAh Polymer Battery
Moto G5s (Fine Gold| 32 GB),10899,10899,Available,4.1,4 GB RAM | 32 GB ROM | Expandable Upto 128 GB,13.21 cm (5.2 inch) Full HD Display,16MP Rear Camera | 5MP Front Camera,3000 mAh Polymer Battery
Samsung Galaxy J6 (Gold| 32 GB),14990,12490,Available,4.3,3 GB RAM | 32 GB ROM | Expandable Upto 256 GB,14.22 cm (5.6 inch) HD+ Display,13MP Rear Camera | 8MP Front Camera,3000 mAh Battery
Samsung Galaxy J7 Duo (Black| 32 GB),17990,12990,Available,4.3,4 GB RAM | 32 GB ROM | Expandable Upto 256 GB,13.97 cm (5.5 inch) HD Display,13MP + 5MP | 8MP Front Camera,3000 mAh Battery
Lenovo K8 Plus (Fine Gold| 32 GB),10999,9999,Available,4.1,3 GB RAM | 32 GB ROM | Expandable Upto 128 GB,13.21 cm (5.2 inch) Full HD Display,13MP + 5MP | 8MP Front Camera,4000 mAh Battery
Honor 7C (Blue| 32 GB),10800,10800,Available,4.1,3 GB RAM | 32 GB ROM | Expandable Upto 256 GB,15.21 cm (5.99 inch) Display,13MP + 2MP | 8MP Front Camera,3000 mAh Battery
Vivo Y71 (Gold| 16 GB),11990,10990,Available,4.3,3 GB RAM | 16 GB ROM | Expandable Upto 256 GB,15.24 cm (6.0 inch) HD+ Display,13MP Rear Camera | 5MP Front Camera,3360 mAh Li-ion Battery
Vivo Y71 (Matte Black| 32 GB),13990,11990,Available,4.2,4 GB RAM | 32 GB ROM | Expandable Upto 256 GB,15.24 cm (6.0 inch) HD+ Display,13MP Rear Camera | 5MP Front Camera,3360 mAh Li-ion Battery
Vivo Y71 (Matte Black| 16 GB),11990,10990,Available,4.3,3 GB RAM | 16 GB ROM | Expandable Upto 256 GB,15.24 cm (6.0 inch) HD+ Display,13MP Rear Camera | 5MP Front Camera,3360 mAh Li-ion Battery
Nokia 2.1 (Grey| 8 GB),7099,7099,Available,4.2,1 GB RAM | 8 GB ROM |,13.97 cm (5.5 inch) HD Display,8MP Rear Camera | 5MP Front Camera,4000 mAh Battery
Vivo Y71 (Gold| 32 GB),12750,12750,Available,4.2,4 GB RAM | 32 GB ROM | Expandable Upto 256 GB,15.24 cm (6.0 inch) HD+ Display,13MP Rear Camera | 5MP Front Camera,3360 mAh Li-ion Battery
Asus Zenfone 2 Laser (Black| 16 GB),8990,8990,Available,4.2,3 GB RAM | 16 GB ROM | Expandable Upto 128 GB,13.97 cm (5.5 inch) HD Display,13MP Rear Camera | 5MP Front Camera,3000 mAh Li-Polymer Battery
Samsung Galaxy J2 Pro (Black| 16 GB),8200,7690,Available,4.1,2 GB RAM | 16 GB ROM |,12.7 cm (5 inch) Display,8MP Rear Camera,2600 mAh Battery
Samsung Galaxy On7 (Gold| 8 GB),8490,8490,Available,4.2,1.5 GB RAM | 8 GB ROM | Expandable Upto 128 GB,13.97 cm (5.5 inch) HD Display,13MP Rear Camera | 5MP Front Camera,3000 mAh Li-Ion Battery
Honor 7X (Blue| 32 GB),12990,12990,Available,4.2,4 GB RAM | 32 GB ROM | Expandable Upto 256 GB,15.06 cm (5.93 inch) Full HD+ Display,16MP + 2MP | 8MP Front Camera,3340 mAH Lithium-polymer Battery
Samsung Galaxy J7 Nxt (Black| 32 GB),10990,10990,Available,4.3,3 GB RAM | 32 GB ROM | Expandable Upto 256 GB,13.97 cm (5.5 inch) HD Display,13MP Rear Camera | 5MP Front Camera,3000 mAh Battery
Karbonn Frames S9 (Grey| 16 GB),6099,6099,Available,4.1,2 GB RAM | 16 GB ROM | Expandable Upto 64 GB,13.21 cm (5.2 inch) HD Display,8MP Rear Camera | 8MP + 8MP Dual Front Camera,2900 mAh Battery
Karbonn Frames S9 (Black| 16 GB),6099,6099,Available,4.1,2 GB RAM | 16 GB ROM | Expandable Upto 64 GB,13.21 cm (5.2 inch) HD Display,8MP Rear Camera | 8MP + 8MP Dual Front Camera,2900 mAh Battery
Honor 7X (Black| 32 GB),12499,12499,Available,4.2,4 GB RAM | 32 GB ROM | Expandable Upto 256 GB,15.06 cm (5.93 inch) Full HD+ Display,16MP + 2MP | 8MP Front Camera,3340 mAH Lithium-polymer Battery
Samsung Galaxy J4 Plus (Black| 32 GB),12000,10990,Coming Soon,4.2,2 GB RAM | 32 GB ROM | Expandable Upto 512 GB,15.24 cm (6 inch) HD+ Display,13MP Rear Camera | 5MP Front Camera,3300 mAh Lithium-ion Battery
Tecno Camon I Ace (Gold| 16 GB),6690,6690,Available,4.1,2 GB RAM | 16 GB ROM |,13.84 cm (5.45 inch) HD+ Display,13MP Rear Camera | 8MP Front Camera,3050 mAh Battery
Tecno Camon I Ace (Black| 16 GB),6690,6690,Available,4.1,2 GB RAM | 16 GB ROM |,13.84 cm (5.45 inch) HD+ Display,13MP Rear Camera | 8MP Front Camera,3050 mAh Battery
OPPO A71K (Blue| 16 GB),9190,9190,Available,4.2,3 GB RAM | 16 GB ROM |,13.21 cm (5.2 inch) Display,13MP Rear Camera,3000 mAh Battery
Samsung Galaxy J5 Prime (Gold| 32 GB),13900,11990,Available,4.2,3 GB RAM | 32 GB ROM | Expandable Upto 256 GB,12.7 cm (5 inch) HD Display,13MP Rear Camera | 5MP Front Camera,2400 mAh Li-Ion Battery
Samsung Galaxy On Nxt (Black| 16 GB),10999,10999,Available,4.2,3 GB RAM | 16 GB ROM | Expandable Upto 256 GB,13.97 cm (5.5 inch) Full HD Display,13MP Rear Camera | 8MP Front Camera,3300 mAh Li-ion Battery
Samsung On7 Pro (Gold| 16 GB),8599,8599,Available,4.3,2 GB RAM | 16 GB ROM |,13.97 cm (5.5 inch) Display,13MP Rear Camera,3000 mAh Battery
Vivo Y53 (Crown Gold| 16 GB),9990,8490,Available,4.2,2 GB RAM | 16 GB ROM | Expandable Upto 256 GB,12.7 cm (5 inch) Display,8MP Rear Camera | 5MP Front Camera,2500 mAh Li-Ion Battery
Vivo Y53 (Space Grey| 16 GB),9990,9990,Available,4.2,2 GB RAM | 16 GB ROM | Expandable Upto 256 GB,12.7 cm (5 inch) Display,8MP Rear Camera | 5MP Front Camera,2500 mAh Li-Ion Battery
Tecno Camon i (Champagne Gold| 32 GB),9400,9400,Available,4.1,3 GB RAM | 32 GB ROM | Expandable Upto 128 GB,14.35 cm (5.65 inch) HD+ Display,13MP Rear Camera | 13MP Front Camera,3050 mAh Battery
Obi WorldPhone (Black| 16 GB),6499,6499,Available,4.5,2 GB RAM | 16 GB ROM |,12.7 cm (5 inch) Display,13MP Rear Camera,3000 mAh Battery
Nokia 5 (Silver| 16 GB),11290,11290,Available,4.1,3 GB RAM | 16 GB ROM | Expandable Upto 128 GB,13.21 cm (5.2 inch) HD Display,13MP Rear Camera | 8MP Front Camera,3000 mAh Battery
Moto E5 (Grey/Flash Gray| 16 GB),9149,9149,Available,4.2,2 GB RAM | 16 GB ROM |,14.48 cm (5.7 inch) Display,13MP Rear Camera,4000 mAh Battery
Samsung Galaxy J4 (Blue| 32 GB),10988,10988,Available,4.4,3 GB RAM | 32 GB ROM | Expandable Upto 256 GB,13.97 cm (5.5 inch) HD Display,13MP Rear Camera | 5MP Front Camera,3000 mAh Battery
Tecno Camon i (Midnight Black| 32 GB),8749,8749,Available,4.1,3 GB RAM | 32 GB ROM | Expandable Upto 128 GB,14.35 cm (5.65 inch) HD+ Display,13MP Rear Camera | 13MP Front Camera,3050 mAh Battery
OPPO A57 (Black| 32 GB),11849,11849,Available,4.2,3 GB RAM | 32 GB ROM | Expandable Upto 256 GB,13.21 cm (5.2 inch) HD Display,13MP Rear Camera | 16MP Front Camera,2900 mAh Battery
Samsung Galaxy J2 (White| 8 GB),7400,7400,Available,4.1,1 GB RAM | 8 GB ROM | Expandable Upto 128 GB,11.94 cm (4.7 inch) quarter HD Display,5MP Rear Camera | 2MP Front Camera,2000 mAh Battery
Micromax Bharat Go (Black| 8 GB),4590,4590,Available,4.6,1 GB RAM | 8 GB ROM | Expandable Upto 32 GB,11.43 cm (4.5 inch) Display,5MP Rear Camera | 5MP Front Camera,2000 mAh Li-ion Battery
Tecno Camon i Sky (Champagne Gold| 16 GB),7090,7090,Available,4.5,2 GB RAM | 16 GB ROM |,13.84 cm (5.45 inch) Display,13MP Rear Camera,3050 mAh Battery
Tecno Camon I Sky 2 (Black| 16 GB),7448,7448,Available,4.6,2 GB RAM | 16 GB ROM |,13.97 cm (5.5 inch) HD+ Display,13MP + 2MP | 13MP Front Camera,3050 mAh Battery
OPPO A71 (Gold| 16 GB),9870,9870,Available,4.2,3 GB RAM | 16 GB ROM | Expandable Upto 256 GB,13.21 cm (5.2 inch) HD Display,13MP Rear Camera | 5MP Front Camera,3000 mAh Lithium Battery
Honor 5X (Grey| 16 GB),12999,12999,Available,4.1,2 GB RAM | 16 GB ROM | Expandable Upto 128 GB,13.97 cm (5.5 inch) Full HD Display,13MP Rear Camera | 5MP Front Camera,3000 mAh Li-Polymer Battery
Samsung Galaxy J7 (White| 16 GB),11700,11700,Available,4.3,1.5 GB RAM | 16 GB ROM | Expandable Upto 128 GB,13.97 cm (5.5 inch) HD Display,13MP Rear Camera | 5MP Front Camera,3000 mAh Battery
Lenovo Vibe K5 Note (Silver| 32 GB),12499,12499,Available,4.1,4 GB RAM | 32 GB ROM | Expandable Upto 128 GB,13.97 cm (5.5 inch) Full HD Display,13MP Rear Camera | 8MP Front Camera,3500 mAh Li-Ion Polymer Battery
Itel A44 Pro (Black| 16 GB),6500,6500,Available,4.2,2 GB RAM | 16 GB ROM |,13.84 cm (5.45 inch) Display,8MP Rear Camera | 5MP Front Camera,2400 mAh Battery
Itel A44 Pro (Champagne| 16 GB),7950,7950,Available,4.2,2 GB RAM | 16 GB ROM |,13.84 cm (5.45 inch) Display,8MP Rear Camera | 5MP Front Camera,2400 mAh Battery
OPPO A83 (Champagne| 32 GB),12450,12450,Available,4.3,3 GB RAM | 32 GB ROM | Expandable Upto 256 GB,14.48 cm (5.7 inch) HD Display,13MP Rear Camera | 8MP Front Camera,3180 mAh Battery
Ziox Astra 4G (Black| 8 GB),4399,4399,Available,4.3,1 GB RAM | 8 GB ROM |,12.7 cm (5 inch) Display,5MP Rear Camera,2450 mAh Battery
Comio C1 Pro (Sunrise Gold| 16 GB),5249,5249,Available,4.3,1.5 GB RAM | 16 GB ROM | Expandable Upto 128 GB,12.7 cm (5 inch) HD Display,8MP Rear Camera | 5MP Front Camera,2500 mAh Battery
Vivo Y55S (Grey| 16 GB),13000,13000,Available,4.2,3 GB RAM | 16 GB ROM | Expandable Upto 256 GB,13.21 cm (5.2 inch) HD Display,13MP Rear Camera | 5MP Front Camera,2730 mAh Li-Ion Battery
Moto E5 (Fine Gold| 16 GB),9100,9100,Available,4.2,2 GB RAM | 16 GB ROM |,14.48 cm (5.7 inch) Display,13MP Rear Camera,4000 mAh Battery
Vivo Y55L (Gold| 16 GB),9940,9940,Available,4.2,2 GB RAM | 16 GB ROM | Expandable Upto 128 GB,13.21 cm (5.2 inch) HD Display,8MP Rear Camera | 5MP Front Camera,2650 mAh Battery
Tecno I5 (Champagne Gold| 16 GB),9540,9540,Available,4.1,2 GB RAM | 16 GB ROM |,13.97 cm (5.5 inch) HD Display,13MP Rear Camera | 8MP Front Camera,4000 mAh Battery
Vivo Y53i (Crown Gold| 16 GB),7990,7990,Available,4.1,2 GB RAM | 16 GB ROM | Expandable Upto 256 GB,12.7 cm (5 inch) Quad HD Display,8MP Rear Camera | 5MP Front Camera,2500 mAh Li-ion Battery
Samsung Galaxy J7 (Black| 16 GB),9990,9990,Available,4.3,1.5 GB RAM | 16 GB ROM | Expandable Upto 128 GB,13.97 cm (5.5 inch) HD Display,13MP Rear Camera | 5MP Front Camera,3000 mAh Battery
Vivo Y55L (Grey| 16 GB),9199,9199,Available,4.2,2 GB RAM | 16 GB ROM |,13.21 cm (5.2 inch) Display,8MP Rear Camera | 5MP Front Camera,2650 mAh Battery
Honor 8 Smart (Black| 16 GB),11499,11499,Available,4.1,2 GB RAM | 16 GB ROM | Expandable Upto 128 GB,13.21 cm (5.2 inch) Full HD Display,13MP Rear Camera | 8MP Front Camera,3000 mAh Battery
Honor 5X (Gold| 16 GB),8499,8499,Available,4.1,2 GB RAM | 16 GB ROM | Expandable Upto 128 GB,13.97 cm (5.5 inch) Full HD Display,13MP Rear Camera | 5MP Front Camera,3000 mAh Li-Polymer Battery
Asus Zenfone 2 Laser ZE500KL (Black| 16 GB),12399,12399,Available,4.1,2 GB RAM | 16 GB ROM | Expandable Upto 128 GB,12.7 cm (5 inch) HD Display,13MP Rear Camera | 5MP Front Camera,2070 mAh Li-Polymer Battery
Intex Cloud Jewel (Champagne| 16 GB),5799,5799,Available,4.3,2 GB RAM | 16 GB ROM | Expandable Upto 32 GB,12.7 cm (5 inch) Display,8MP Rear Camera | 2MP Front Camera,2500 mAh Battery
Lephone W9 (Gold| 8 GB),4439,4439,Available,4.8,1 GB RAM | 8 GB ROM |,13.97 cm (5.5 inch) Display,5MP Rear Camera,2500 mAh Battery
Nokia 5 (Tempered Blue| 16 GB),9800,9800,Available,4.1,2 GB RAM | 16 GB ROM | Expandable Upto 128 GB,13.21 cm (5.2 inch) HD Display,13MP Rear Camera | 8MP Front Camera,3000 mAh Battery
Honor Holly 4 Plus (Grey| 32 GB),10999,10999,Available,4.1,3 GB RAM | 32 GB ROM |,13.97 cm (5.5 inch) HD Display,12MP Rear Camera | 8MP Front Camera,4000 mAh Battery
Moto G (3rd Generation) (White| 16 GB),10999,10999,Coming Soon,4.3,2 GB RAM | 16 GB ROM | Expandable Upto 32 GB,12.7 cm (5 inch) HD Display,13MP Rear Camera | 5MP Front Camera,2470 mAh Battery
Honor Holly (Black/White| 16 GB),5999,5999,Coming Soon,4.1,1 GB RAM | 16 GB ROM | Expandable Upto 32 GB,12.7 cm (5 inch) HD Display,8MP Rear Camera | 2MP Front Camera,2000 mAh Li-Polymer Battery
Honor 7S (Gold| 16 GB),8999,6999,Coming Soon,4.1,2 GB RAM | 16 GB ROM | Expandable Upto 256 GB,13.84 cm (5.45 inch) Display,13MP Rear Camera | 5MP Front Camera,3020 mAh Battery
Zen Admire Swadesh (Champagne & Gold| 8 GB),4090,4090,Available,4.1,1 GB RAM | 8 GB ROM | Expandable Upto 32 GB,12.7 cm (5 inch) Display,5MP Rear Camera | 2MP Front Camera,2000 mAh Battery
Zen Admire Neo Plus G (Grey| 8 GB),4915,4915,Available,4.2,1 GB RAM | 8 GB ROM |,11.43 cm (4.5 inch) Display,5MP Rear Camera,2000 mAh Battery
Honor 8 Lite (Black| 64 GB),12888,12888,Available,4.2,4 GB RAM | 64 GB ROM | Expandable Upto 128 GB,13.21 cm (5.2 inch) Full HD Display,12MP Rear Camera | 8MP Front Camera,3000 mAh Battery
Asus Zenfone Max (Black| 16 GB),8499,8499,Available,4.1,2 GB RAM | 16 GB ROM | Expandable Upto 64 GB,13.97 cm (5.5 inch) HD Display,13MP Rear Camera | 5MP Front Camera,5000 mAh Li-Polymer Battery
OPPO A57 (Gold| 32 GB),12299,12299,Available,4.2,3 GB RAM | 32 GB ROM | Expandable Upto 256 GB,13.21 cm (5.2 inch) HD Display,13MP Rear Camera | 16MP Front Camera,2900 mAh Battery
Mafe Shine M815 (Coffee| 16 GB),4399,4399,Available,4.6,1 GB RAM | 16 GB ROM | Expandable Upto 32 GB,12.7 cm (5 inch) Display,5MP Rear Camera | 2MP Front Camera,4000 mAh Battery
Samsung Galaxy J4 (Black| 32 GB),10990,10990,Available,4.4,3 GB RAM | 32 GB ROM | Expandable Upto 256 GB,13.97 cm (5.5 inch) HD Display,13MP Rear Camera | 5MP Front Camera,3000 mAh Battery
Samsung Galaxy J4 (Gold| 32 GB),10490,10490,Available,4.4,3 GB RAM | 32 GB ROM | Expandable Upto 256 GB,13.97 cm (5.5 inch) HD Display,13MP Rear Camera | 5MP Front Camera,3000 mAh Battery
Intex Aqua Lions T1 Lite (Champagne| 8 GB),4280,4280,Available,4.2,1 GB RAM | 8 GB ROM |,12.7 cm (5 inch) Display,5MP Rear Camera,2200 mAh Battery
Vivo Y55S (Matte Black| 16 GB),11800,11800,Available,4.2,3 GB RAM | 16 GB ROM | Expandable Upto 256 GB,13.21 cm (5.2 inch) HD Display,13MP Rear Camera | 5MP Front Camera,2730 mAh Li-Ion Battery
OPPO A71 (Black| 16 GB),10399,10399,Available,4.2,3 GB RAM | 16 GB ROM | Expandable Upto 256 GB,13.21 cm (5.2 inch) HD Display,13MP Rear Camera | 5MP Front Camera,3000 mAh Lithium Battery
Gionee M5 Lite 4G (Blue| 32 GB),8999,8999,Available,4.2,3 GB RAM | 32 GB ROM |,12.7 cm (5 inch) HD Display,8MP Rear Camera | 5MP Front Camera,4000 mAh Battery
Nokia 5 (Silver| 16 GB),12800,12800,Available,4.1,2 GB RAM | 16 GB ROM | Expandable Upto 128 GB,13.21 cm (5.2 inch) HD Display,13MP Rear Camera | 8MP Front Camera,3000 mAh Battery
OPPO A83 (Black| 32 GB),12699,12699,Available,4.3,3 GB RAM | 32 GB ROM | Expandable Upto 256 GB,14.48 cm (5.7 inch) HD Display,13MP Rear Camera | 8MP Front Camera,3180 mAh Battery
Tecno i3 PRO (Gold| 16 GB),9399,9399,Available,4.2,3 GB RAM | 16 GB ROM |,12.7 cm (5 inch) HD Display,8MP Rear Camera | 8MP Front Camera,3050 mAh Battery
Moto C Plus (Fine Gold| 16 GB),7300,7300,Available,4.1,2 GB RAM | 16 GB ROM | Expandable Upto 32 GB,12.7 cm (5 inch) HD Display,8MP Rear Camera | 2MP Front Camera,4000 mAh Battery
Tecno Camon I Sky 2 (Gold| 16 GB),7390,7390,Available,4.6,2 GB RAM | 16 GB ROM |,13.97 cm (5.5 inch) HD+ Display,13MP + 2MP | 13MP Front Camera,3050 mAh Battery
Redmi Note 4 (Gold| 64 GB),12999,12999,Available,4.4,4 GB RAM | 64 GB ROM | Expandable Upto 128 GB,13.97 cm (5.5 inch) Full HD Display,13MP Rear Camera | 5MP Front Camera,4100 mAh Li-Polymer Battery
Lephone Dazen 6A (Black| 32 GB),6999,6999,Available,4.3,3 GB RAM | 32 GB ROM | Expandable Upto 128 GB,14.48 cm (5.7 inch) Full HD Display,13MP Rear Camera | 5MP Front Camera,3000 mAh Battery
Lenovo K8 Plus (Venom Black| 32 GB),9990,9990,Available,4.1,4 GB RAM | 32 GB ROM | Expandable Upto 128 GB,13.21 cm (5.2 inch) Full HD Display,13MP + 5MP | 8MP Front Camera,4000 mAh Battery
Lenovo K6 Power (Grey/Dark Grey| 32 GB),8420,8420,Available,4.1,3 GB RAM | 32 GB ROM | Expandable Upto 128 GB,12.7 cm (5 inch) Full HD Display,13MP Rear Camera | 8MP Front Camera,4000 mAh Li-Polymer Battery
Panasonic Eluga Pulse X (Grey| 16 GB),6749,6749,Available,4.2,3 GB RAM | 16 GB ROM |,13.97 cm (5.5 inch) Display,13MP Rear Camera,3000 mAh Battery
Lenovo K6 Power (Gold| 32 GB),8345,8345,Available,4.1,3 GB RAM | 32 GB ROM | Expandable Upto 128 GB,12.7 cm (5 inch) Full HD Display,13MP Rear Camera | 8MP Front Camera,4000 mAh Li-Polymer Battery
Moto G5s (Oxford Blue| 32 GB),12999,12999,Available,4.1,4 GB RAM | 32 GB ROM | Expandable Upto 128 GB,13.21 cm (5.2 inch) Full HD Display,16MP Rear Camera | 5MP Front Camera,3000 mAh Polymer Battery
OPPO A37f (Grey| 16 GB),9199,9199,Available,4.1,2 GB RAM | 16 GB ROM | Expandable Upto 128 GB,12.7 cm (5 inch) HD Display,8MP Rear Camera | 5MP Front Camera,2630 mAh Battery
OPPO A71 New Edition (Black| 16 GB),9862,9862,Available,4.2,3 GB RAM | 16 GB ROM | Expandable Upto 256 GB,13.21 cm (5.2 inch) HD Display,13MP Rear Camera | 5MP Front Camera,3000 mAh Lithium Battery
Lenovo Vibe K5 Note (Silver| 32 GB),10984,10984,Available,4.1,3 GB RAM | 32 GB ROM | Expandable Upto 128 GB,13.97 cm (5.5 inch) Full HD Display,13MP Rear Camera | 8MP Front Camera,3500 mAh Li-Ion Polymer Battery
Moto G5s Plus (Blush Gold| 64 GB),11949,11949,Available,4.2,4 GB RAM | 64 GB ROM | Expandable Upto 128 GB,13.97 cm (5.5 inch) Full HD Display,13MP + 13MP | 8MP Front Camera,3000 mAh Lithium-ion Battery
Moto G6 (Indigo Black| 32 GB),11990,11990,Available,4.1,3 GB RAM | 32 GB ROM | Expandable Upto 256 GB,14.48 cm (5.7 inch) Full HD+ Display,12MP + 5MP | 16MP Front Camera,3000 mAh Battery
Itel A44 Pro (Blue| 16 GB),6299,6299,Available,4.2,2 GB RAM | 16 GB ROM |,13.84 cm (5.45 inch) Display,8MP Rear Camera,2400 mAh Battery
Gionee M7 Power (Gold| 64 GB),12400,12400,Available,4.2,4 GB RAM | 64 GB ROM | Expandable Upto 256 GB,15.24 cm (6.0 inch) HD+ Display,13MP Rear Camera | 8MP Front Camera,5000 mAh Li-poly Battery
Samsung Galaxy J7 Prime (Black| 16 GB),10490,10490,Available,4.2,3 GB RAM | 16 GB ROM | Expandable Upto 256 GB,13.97 cm (5.5 inch) Full HD Display,13MP Rear Camera | 8MP Front Camera,3300 mAh Battery
Karbonn Frames S9 (Champagne| 16 GB),7490,7490,Available,4.1,2 GB RAM | 16 GB ROM | Expandable Upto 64 GB,13.21 cm (5.2 inch) HD Display,8MP Rear Camera | 8MP + 8MP Dual Front Camera,2900 mAh Battery
Samsung Galaxy S3 Neo (Marble White| 16 GB),12500,12500,Available,4.2,1.5 GB RAM | 16 GB ROM | Expandable Upto 64 GB,12.19 cm (4.8 inch) HD Display,8MP Rear Camera | 1.9MP Front Camera,2100 mAh Li-ion Battery
Moto G5 Plus (Lunar Grey| 32 GB),11777,11777,Available,4.3,4 GB RAM | 32 GB ROM | Expandable Upto 128 GB,13.21 cm (5.2 inch) Full HD Display,12MP Rear Camera | 5MP Front Camera,3000 mAh Battery
Comio C1 Pro (Royal Black| 16 GB),5990,5990,Available,4.3,1.5 GB RAM | 16 GB ROM | Expandable Upto 128 GB,12.7 cm (5 inch) HD Display,8MP Rear Camera | 5MP Front Camera,2500 mAh Battery
M-tech Eros Plus (Black| 8 GB),4889,3911,Available,4.5,1 GB RAM | 8 GB ROM | Expandable Upto 64 GB,12.7 cm (5 inch) FWVGA Display,5MP Rear Camera | 0.3MP Front Camera,2000 mAh Battery
HTC One (M8 Eye) (Champagne| 16 GB),12999,12999,Available,4.2,2 GB RAM | 16 GB ROM |,12.7 cm (5 inch) Full HD Display,13MP Rear Camera,2600 mAh Battery
Honor 6 (Black| 16 GB),9780,9780,Available,4.3,3 GB RAM | 16 GB ROM | Expandable Upto 64 GB,12.7 cm (5 inch) Full HD Display,13MP Rear Camera | 5MP Front Camera,3000 mAh Battery
Lenovo K8 Plus (Fine Gold| 32 GB),12500,12500,Available,4.1,4 GB RAM | 32 GB ROM | Expandable Upto 128 GB,13.21 cm (5.2 inch) Full HD Display,13MP + 5MP | 8MP Front Camera,4000 mAh Battery
Gionee F103 (Black| 16 GB),9999,9999,Available,4.1,2 GB RAM | 16 GB ROM | Expandable Upto 32 GB,12.7 cm (5 inch) HD Display,8MP Rear Camera | 5MP Front Camera,2400 mAh Battery
Lava Z25 (Gold| 32 GB),10450,10450,Available,4.2,4 GB RAM | 32 GB ROM | Expandable Upto 128 GB,13.97 cm (5.5 inch) HD Display,13MP Rear Camera | 8MP Front Camera,3020 mAh Battery
Samsung Galaxy J5 - 6 (New 2016 Edition) (Black| 16 GB),12140,12140,Available,4.2,2 GB RAM | 16 GB ROM | Expandable Upto 128 GB,13.21 cm (5.2 inch) HD Display,13MP Rear Camera | 5MP Front Camera,3100 mAh Li-Ion Battery
Samsung Galaxy J5 - 6 (New 2016 Edition) (White| 16 GB),12999,12999,Available,4.2,2 GB RAM | 16 GB ROM | Expandable Upto 128 GB,13.21 cm (5.2 inch) HD Display,13MP Rear Camera | 5MP Front Camera,3100 mAh Li-Ion Battery
Samsung Galaxy J5 - 6 (New 2016 Edition) (Gold| 16 GB),12896,12896,Available,4.2,2 GB RAM | 16 GB ROM | Expandable Upto 128 GB,13.21 cm (5.2 inch) HD Display,13MP Rear Camera | 5MP Front Camera,3100 mAh Li-Ion Battery
Lava Iris Pro 20 (Metal+Blue| 4 GB),5200,5200,Available,4.3,1 GB RAM | 4 GB ROM | Expandable Upto 32 GB,11.94 cm (4.7 inch) quarter HD Display,8MP Rear Camera | 0.3MP Front Camera,2000 mAh Battery
Panasonic Eluga Pulse X (Rose Gold| 16 GB),6749,6749,Available,4.2,3 GB RAM | 16 GB ROM |,13.97 cm (5.50 inch) Display,13MP Rear Camera,3000 mAh Battery
Karbonn Android One Sparkle V (Magnum Blue| 4 GB),3999,3999,Available,4.1,1 GB RAM | 4 GB ROM | Expandable Upto 32 GB,11.43 cm (4.5 inch) FWVGA Display,5MP Rear Camera | 2MP Front Camera,1700 mAh Li-Polymer Battery
Lava Z10 (Gold| 16 GB),6990,6990,Available,4.2,2 GB RAM | 16 GB ROM | Expandable Upto 128 GB,12.7 cm (5 inch) HD Display,8MP Rear Camera | 5MP Front Camera,2620 mAh Battery
Redmi Note 5 (Blue| 32 GB),9999,9999,Out Of Stock,4.4,3 GB RAM | 32 GB ROM | Expandable Upto 128 GB,15.21 cm (5.99 inch) Full HD+ Display,12MP Rear Camera | 5MP Front Camera,4000 mAh Li Polymer Battery
Redmi Note 5 (Black| 64 GB),11999,11999,Out Of Stock,4.4,4 GB RAM | 64 GB ROM | Expandable Upto 128 GB,15.21 cm (5.99 inch) Full HD+ Display,12MP Rear Camera | 5MP Front Camera,4000 mAh Li Polymer Battery
Gionee M7 Power (Blue| 64 GB),12500,12500,Out Of Stock,4.2,4 GB RAM | 64 GB ROM | Expandable Upto 256 GB,15.24 cm (6.0 inch) HD+ Display,13MP Rear Camera | 8MP Front Camera,5000 mAh Battery
Honor 7C (Gold| 32 GB),12999,9999,Coming Soon,4.1,3 GB RAM | 32 GB ROM | Expandable Upto 256 GB,15.21 cm (5.99 inch) Display,13MP + 2MP | 8MP Front Camera,3000 mAh Battery
Redmi 4 (Black| 16 GB),7489,7489,Out Of Stock,4.2,2 GB RAM | 16 GB ROM | Expandable Upto 128 GB,12.7 cm (5 inch) HD Display,13MP Rear Camera | 5MP Front Camera,4100 mAh Battery
Redmi 4 (Black| 32 GB),9499,9499,Out Of Stock,4.1,3 GB RAM | 32 GB ROM | Expandable Upto 128 GB,12.7 cm (5 inch) HD Display,13MP Rear Camera | 5MP Front Camera,4100 mAh Battery
Redmi 4 (Gold| 16 GB),7489,7489,Out Of Stock,4.2,2 GB RAM | 16 GB ROM | Expandable Upto 128 GB,12.7 cm (5 inch) HD Display,13MP Rear Camera | 5MP Front Camera,4100 mAh Battery
Redmi 5 (Gold| 32 GB),9723,9723,Out Of Stock,4.2,3 GB RAM | 32 GB ROM | Expandable Upto 128 GB,14.48 cm (5.7 inch) HD+ Display,12MP Rear Camera | 5MP Front Camera,3300 mAh Battery
Honor 7C (Gold| 64 GB),14999,11999,Out Of Stock,4.3,4 GB RAM | 64 GB ROM | Expandable Upto 256 GB,15.21 cm (5.99 inch) Display,13MP + 2MP | 8MP Front Camera,3000 mAh Battery
Honor 7C (Black| 64 GB),14999,11999,Out Of Stock,4.3,4 GB RAM | 64 GB ROM | Expandable Upto 256 GB,15.21 cm (5.99 inch) Display,13MP + 2MP | 8MP Front Camera,3000 mAh Battery
Redmi Note 5 (Black| 32 GB),9999,9999,Out Of Stock,4.4,3 GB RAM | 32 GB ROM | Expandable Upto 128 GB,15.21 cm (5.99 inch) Full HD+ Display,12MP Rear Camera | 5MP Front Camera,4000 mAh Li Polymer Battery
Asus Zenfone Max (Black| 32 GB),9999,6999,Out Of Stock,4.1,2 GB RAM | 32 GB ROM | Expandable Upto 64 GB,13.97 cm (5.5 inch) HD Display,13MP Rear Camera | 5MP Front Camera,5000 mAh Polymer Battery
Redmi Y1 (Gold| 32 GB),8999,8999,Out Of Stock,4.2,3 GB RAM | 32 GB ROM | Expandable Upto 128 GB,13.97 cm (5.5 inch) HD Display,13MP Rear Camera | 16MP Front Camera,3080 mAh Battery
OPPO F3 (Gold| 64 GB),20990,12990,Out Of Stock,4.2,4 GB RAM | 64 GB ROM | Expandable Upto 128 GB,13.97 cm (5.5 inch) Full HD Display,13MP Rear Camera | 16MP + 8MP Dual Front Camera,3200 mAh Battery
OPPO F3 (Rose Gold| 64 GB),20990,12990,Out Of Stock,4.2,4 GB RAM | 64 GB ROM | Expandable Upto 128 GB,13.97 cm (5.5 inch) Full HD Display,13MP Rear Camera | 16MP + 8MP Dual Front Camera,3200 mAh Battery
OPPO F3 (Black| 64 GB),20990,12990,Out Of Stock,4.2,4 GB RAM | 64 GB ROM | Expandable Upto 128 GB,13.97 cm (5.5 inch) Full HD Display,13MP Rear Camera | 16MP + 8MP Dual Front Camera,3200 mAh Battery
Redmi Y1 (Rose Gold| 32 GB),9999,9999,Out Of Stock,4.2,3 GB RAM | 32 GB ROM | Expandable Upto 128 GB,13.97 cm (5.5 inch) HD Display,13MP Rear Camera | 16MP Front Camera,3080 mAh Battery
Redmi 5 (Rose Gold| 16 GB),8499,8499,Out Of Stock,4.2,2 GB RAM | 16 GB ROM | Expandable Upto 128 GB,14.48 cm (5.7 inch) HD+ Display,12MP Rear Camera | 5MP Front Camera,3300 mAh Battery
Redmi 5 (Black| 16 GB),8499,8499,Out Of Stock,4.2,2 GB RAM | 16 GB ROM | Expandable Upto 128 GB,14.48 cm (5.7 inch) HD+ Display,12MP Rear Camera | 5MP Front Camera,3300 mAh Battery
Vivo Y83 (Black| 32 GB),12350,12350,Out Of Stock,4.3,4 GB RAM | 32 GB ROM | Expandable Upto 256 GB,15.8 cm (6.22 inch) HD+ Display,13MP Rear Camera | 8MP Front Camera,3260 mAh Li-ion Battery
Redmi 5 (Gold| 16 GB),8499,8499,Out Of Stock,4.2,2 GB RAM | 16 GB ROM | Expandable Upto 128 GB,14.48 cm (5.7 inch) HD+ Display,12MP Rear Camera | 5MP Front Camera,3300 mAh Battery
Redmi 5 (Lake Blue| 16 GB),8499,8499,Out Of Stock,4.2,2 GB RAM | 16 GB ROM | Expandable Upto 128 GB,14.48 cm (5.7 inch) HD+ Display,12MP Rear Camera | 5MP Front Camera,3300 mAh Battery
Moto G4 Plus (Black| 16 GB),8999,8999,Out Of Stock,4.1,2 GB RAM | 16 GB ROM |,13.97 cm (5.5 inch) Display,5MP Rear Camera,3000 mAh Battery
Honor 8 Lite (Blue| 64 GB),12999,12999,Out Of Stock,4.2,4 GB RAM | 64 GB ROM |,13.21 cm (5.2 inch) Display,12MP Rear Camera,3000 mAh Battery
Samsung Galaxy S3 Neo (Pebble Blue| 16 GB),17000,4999,Out Of Stock,4.2,1.5 GB RAM | 16 GB ROM | Expandable Upto 64 GB,12.19 cm (4.8 inch) HD Display,8MP Rear Camera | 1.9MP Front Camera,2100 mAh Li-ion Battery
Lenovo Vibe K5 Note (Gold| 32 GB),10999,10999,Out Of Stock,4.1,3 GB RAM | 32 GB ROM | Expandable Upto 128 GB,13.97 cm (5.5 inch) Full HD Display,13MP Rear Camera | 8MP Front Camera,3500 mAh Li-Ion Polymer Battery
Samsung Galaxy On7 (Black| 8 GB),7990,7990,Out Of Stock,4.2,1.5 GB RAM | 8 GB ROM | Expandable Upto 128 GB,13.97 cm (5.5 inch) HD Display,13MP Rear Camera | 5MP Front Camera,3000 mAh Li-Ion Battery
Panasonic Eluga I2 (Gold| 16 GB),5999,5999,Out Of Stock,4.3,2 GB RAM | 16 GB ROM | Expandable Upto 32 GB,12.7 cm (5 inch) HD Display,8MP Rear Camera | 5MP Front Camera,2000 mAh Battery
Ziox Quiq Flash (champagne& gold/ champagne| 8 GB),3699,3699,Out Of Stock,4.5,1 GB RAM | 8 GB ROM | Expandable Upto 32 GB,12.7 cm (5 inch) Display,5MP Rear Camera | 2MP Front Camera,2450 mAh Battery
XOLO Q800 (White| 4 GB),9556,9556,Out Of Stock,4.4,1 GB RAM | 4 GB ROM | Expandable Upto 32 GB,11.43 cm (4.5 inch) quarter HD Display,8MP Rear Camera | 1MP Front Camera,2100 mAh Battery
Redmi 5 (Lake Blue| 32 GB),9900,9900,Out Of Stock,4.2,3 GB RAM | 32 GB ROM | Expandable Upto 128 GB,14.48 cm (5.7 inch) HD+ Display,12MP Rear Camera | 5MP Front Camera,3300 mAh Battery
Infinix Hot S3 (Blush Gold| 64 GB),11999,10999,Out Of Stock,4.1,4 GB RAM | 64 GB ROM | Expandable Upto 128 GB,14.35 cm (5.65 inch) HD+ Display,13MP Rear Camera | 20MP Front Camera,4000 mAh Li-ion Polymer Battery
Infinix Hot S3 (Topaz Blue| 64 GB),11999,10999,Out Of Stock,4.1,4 GB RAM | 64 GB ROM | Expandable Upto 128 GB,14.35 cm (5.65 inch) HD+ Display,13MP Rear Camera | 20MP Front Camera,4000 mAh Li-ion Polymer Battery
Infinix Hot S3 (Sandstone Black| 64 GB),11999,10999,Out Of Stock,4.1,4 GB RAM | 64 GB ROM | Expandable Upto 128 GB,14.35 cm (5.65 inch) HD+ Display,13MP Rear Camera | 20MP Front Camera,4000 mAh Li-ion Polymer Battery
Iball I ball Andi HD6 (White| 8 GB),6999,6999,Out Of Stock,4.1,1 GB RAM | 8 GB ROM |,15.24 cm (6 inch) HD Display,8MP Rear Camera,3000 mAh Battery
Moto E (1st Gen) (Black| 4 GB),4999,4999,Out Of Stock,4.2,1 GB RAM | 4 GB ROM | Expandable Upto 32 GB,10.92 cm (4.3 inch) quarter HD Display,5MP Rear Camera,1980 mAh Li-Ion Battery
Micromax Sliver 5 Q450 (Black| 16 GB),6499,6499,Out Of Stock,4.2,2 GB RAM | 16 GB ROM |,12.19 cm (4.8 inch) HD Display,8MP Rear Camera | 5MP Front Camera,2000 mAh Battery
OPPO F1S (Rose Gold| 64 GB),18990,12990,Out Of Stock,4.2,4 GB RAM | 64 GB ROM | Expandable Upto 128 GB,13.97 cm (5.5 inch) HD Display,13MP Rear Camera | 16MP Front Camera,3075 mAh Battery
OPPO F1S (Gold| 64 GB),18990,12990,Out Of Stock,4.2,4 GB RAM | 64 GB ROM | Expandable Upto 128 GB,13.97 cm (5.5 inch) HD Display,13MP Rear Camera | 16MP Front Camera,3075 mAh Battery
OPPO F1S (Grey| 64 GB),18990,12990,Out Of Stock,4.2,4 GB RAM | 64 GB ROM | Expandable Upto 128 GB,13.97 cm (5.5 inch) HD Display,13MP Rear Camera | 16MP Front Camera,3075 mAh Battery
Honor 5X (Silver| 16 GB),12999,8999,Out Of Stock,4.1,2 GB RAM | 16 GB ROM | Expandable Upto 128 GB,13.97 cm (5.5 inch) Full HD Display,13MP Rear Camera | 5MP Front Camera,3000 mAh Li-Polymer Battery
Infinix Hot S3 (Sandstone Black| 32 GB),9999,8999,Out Of Stock,4.1,3 GB RAM | 32 GB ROM | Expandable Upto 128 GB,14.35 cm (5.65 inch) HD+ Display,13MP Rear Camera | 20MP Front Camera,4000 mAh Li-ion Polymer Battery
Samsung Galaxy J4 Plus (Blue| 32 GB),12000,10990,Coming Soon,4.2,2 GB RAM | 32 GB ROM | Expandable Upto 512 GB,15.24 cm (6 inch) HD+ Display,13MP Rear Camera | 5MP Front Camera,3300 mAh Lithium-ion Battery
Gionee M3 (Black| 8 GB),9599,9599,Out Of Stock,4.1,1 GB RAM | 8 GB ROM | Expandable Upto 128 GB,12.7 cm (5 inch) HD Display,8MP Rear Camera | 2MP Front Camera,5000 mAh Battery
HTC Desire 820Q Dual Sim (Milky-way Grey| 16 GB),11990,11990,Out Of Stock,4.1,1 GB RAM | 16 GB ROM | Expandable Upto 128 GB,13.97 cm (5.5 inch) HD Display,13MP Rear Camera | 8MP Front Camera,2600 mAh Battery
LG Stylus 2 (Titan| 16 GB),11989,11989,Out Of Stock,4.1,2 GB RAM | 16 GB ROM |,14.48 cm (5.7 inch) HD Display,13MP Rear Camera,3000 mAh Battery
Redmi Note 5 (Rose Gold| 64 GB),11999,11999,Out Of Stock,4.4,4 GB RAM | 64 GB ROM | Expandable Upto 128 GB,15.21 cm (5.99 inch) Full HD+ Display,12MP Rear Camera | 5MP Front Camera,4000 mAh Li Polymer Battery
Samsung Galaxy E5 (Black| 16 GB),9890,9890,Out Of Stock,4.2,1.5 GB RAM | 16 GB ROM | Expandable Upto 64 GB,12.7 cm (5 inch) Display,8MP Rear Camera | 5MP Front Camera,2400 mAh Li-Ion Battery
Samsung Galaxy Core Prime 4G (White| 8 GB),6999,6999,Out Of Stock,4.1,1 GB RAM | 8 GB ROM |,11.43 cm (4.5 inch) WVGA Display,5MP Rear Camera | 2MP Front Camera,2000 mAh Li-Ion Battery
Panasonic Eluga S (Black| 8 GB),4490,4490,Out Of Stock,4.1,1 GB RAM | 8 GB ROM | Expandable Upto 32 GB,12.7 cm (5 inch) HD Display,8MP Rear Camera | 5MP Front Camera,2100 mAh Battery
Asus Zenfone 3 (Black| 32 GB),11999,11999,Out Of Stock,4.3,3 GB RAM | 32 GB ROM | Expandable Upto 2 TB,13.21 cm (5.2 inch) Full HD Display,16MP Rear Camera | 8MP Front Camera,2650 mAh Battery
Huawei Honor 8 (Sakura Pink| 32 GB),12999,12999,Out Of Stock,4.6,4 GB RAM | 32 GB ROM | Expandable Upto 128 GB,13.21 cm (5.2 inch) Display,12MP Rear Camera | 8MP Front Camera,3000 mAh Battery
Asus Zenfone 4 Selfie (Rose Pink| 32 GB),10999,10999,Out Of Stock,4.1,3 GB RAM | 32 GB ROM | Expandable Upto 2 TB,13.97 cm (5.5 inch) HD Display,13MP Rear Camera | 13MP Front Camera,3000 mAh Battery
HTC Desire 820Q Dual Sim (Santorini White| 16 GB),12490,12490,Out Of Stock,4.1,1 GB RAM | 16 GB ROM | Expandable Upto 128 GB,13.97 cm (5.5 inch) HD Display,13MP Rear Camera | 8MP Front Camera,2600 mAh Battery
Gionee Marathon (Grey| 16 GB),11999,11999,Out Of Stock,4.5,2 GB RAM | 16 GB ROM | Expandable Upto 32 GB,12.7 cm (5 inch) HD Display,8MP Rear Camera | 5MP Front Camera,5000 mAh Battery
Gionee Marathon (White| 16 GB),11999,11999,Out Of Stock,4.5,2 GB RAM | 16 GB ROM | Expandable Upto 32 GB,12.7 cm (5 inch) HD Display,8MP Rear Camera | 5MP Front Camera,5000 mAh Battery
Gionee F103 (Pearl White| 16 GB),10599,10599,Out Of Stock,4.1,2 GB RAM | 16 GB ROM | Expandable Upto 32 GB,12.7 cm (5 inch) HD Display,8MP Rear Camera | 5MP Front Camera,2400 mAh Li-Polymer Battery
Microsoft Lumia 640 (Black| 8 GB),8999,8999,Out Of Stock,4.1,1 GB RAM | 8 GB ROM | Expandable Upto 128 GB,12.7 cm (5 inch) HD Display,8MP Rear Camera | 0.9MP Front Camera,2500 mAh Battery
Lenovo P770 (Grey| 4 GB),12899,12899,Out Of Stock,4.3,1 GB RAM | 4 GB ROM | Expandable Upto 32 GB,11.43 cm (4.5 inch) quarter HD Display,5MP Rear Camera | 0.3MP Front Camera,3500 mAh Li-Ion Battery
Asus Zenfone Max (Black| 32 GB),9999,7499,Out Of Stock,4.1,2 GB RAM | 32 GB ROM | Expandable Upto 64 GB,13.97 cm (5.5 inch) HD Display,13MP Rear Camera | 5MP Front Camera,5000 mAh Battery
Asus Zenfone Max (White| 16 GB),9999,7499,Out Of Stock,4.1,2 GB RAM | 16 GB ROM | Expandable Upto 64 GB,13.97 cm (5.5 inch) HD Display,13MP Rear Camera | 5MP Front Camera,5000 mAh Li-Polymer Battery
Micromax Canvas 2.2 A114 (White| 1 GB),9999,9999,Out Of Stock,4.1,1 GB RAM | 1 GB ROM | Expandable Upto 32 GB,12.7 cm (5 inch) quarter HD Display,8MP Rear Camera | 2MP Front Camera,2000 mAh Li-Ion Battery
LG Stylus 2 (Brown| 16 GB),10200,10200,Out Of Stock,4.1,2 GB RAM | 16 GB ROM | Expandable Upto 2 TB,14.48 cm (5.7 inch) HD Display,13MP Rear Camera | 8MP Front Camera,3000 mAh Battery
Mi 4i (Grey| 16 GB),11999,11999,Out Of Stock,4.2,2 GB RAM | 16 GB ROM |,12.7 cm (5 inch) Full HD Display,13MP Rear Camera | 5MP Front Camera,3030 mAh Li-ion Polymer Battery
Moto G (Black| 16 GB),9999,9999,Out Of Stock,4.4,1 GB RAM | 16 GB ROM |,11.43 cm (4.5 inch) HD Display,5MP Rear Camera | 1.3MP Front Camera,2070 mAh Battery
Lava Iris X5 (White| 8 GB),3999,3999,Out Of Stock,4.1,1 GB RAM | 8 GB ROM | Expandable Upto 32 GB,12.7 cm (5 inch) HD Display,8MP Rear Camera | 5MP Front Camera,2100 mAh Li-Ion Battery
Redmi 4A (Gold| 32 GB),6999,6999,Out Of Stock,4.3,3 GB RAM | 32 GB ROM | Expandable Upto 128 GB,12.7 cm (5 inch) HD Display,13MP Rear Camera | 5MP Front Camera,3120 mAh Li-polymer Battery
Honor 6X (Grey| 64 GB),9999,9999,Out Of Stock,4.3,4 GB RAM | 64 GB ROM | Expandable Upto 128 GB,13.97 cm (5.5 inch) Full HD Display,12MP + 2MP | 8MP Front Camera,3340 mAh Battery
Sony Xperia M (White| 4 GB),9990,9990,Out Of Stock,4.2,1 GB RAM | 4 GB ROM | Expandable Upto 32 GB,10.16 cm (4 inch) FWVGA Display,5MP Rear Camera | 0.3MP Front Camera,1700 mAh Li-Ion Battery
Honor 9N (Purple| 32 GB),13999,11999,Out Of Stock,4.3,3 GB RAM | 32 GB ROM | Expandable Upto 256 GB,14.83 cm (5.84 inches) Display,13MP + 2MP | 16MP Front Camera,3000 mAh Battery
Moto E (2nd Gen) 3G (White| 8 GB),5999,5999,Out Of Stock,4.1,1 GB RAM | 8 GB ROM | Expandable Upto 32 GB,11.43 cm (4.5 inch) quarter HD Display,5MP Rear Camera | 0.3MP Front Camera,2390 mAh Battery
Samsung Galaxy Grand 2 (Black| 8 GB),9999,9999,Out Of Stock,4.1,1.5 GB RAM | 8 GB ROM | Expandable Upto 64 GB,13.31 cm (5.24 inch) HD Display,8MP Rear Camera | 1.9MP Front Camera,2600 mAh Li-Ion Battery
Vivo V5 (Space Grey| 32 GB),12490,12490,Out Of Stock,4.2,4 GB RAM | 32 GB ROM | Expandable Upto 128 GB,13.97 cm (5.5 inch) HD Display,13MP Rear Camera | 20MP Front Camera,3000 mAh Battery
M-tech Eros Plus (Rose Gold| 8 GB),3550,3550,Out Of Stock,4.5,1 GB RAM | 8 GB ROM | Expandable Upto 64 GB,12.7 cm (5 inch) FWVGA Display,5MP Rear Camera | 0.3MP Front Camera,2000 mAh Battery
Redmi 3S Prime (Dark Grey| 32 GB),8999,8999,Out Of Stock,4.3,3 GB RAM | 32 GB ROM | Expandable Upto 128 GB,12.7 cm (5 inch) HD Display,13MP Rear Camera | 5MP Front Camera,4100 mAh Li-Ion Polymer Battery
Redmi Y1 lite (Gold| 16 GB),7499,7499,Out Of Stock,4.1,2 GB RAM | 16 GB ROM | Expandable Upto 128 GB,13.97 cm (5.5 inch) HD Display,13MP Rear Camera | 5MP Front Camera,3080 mAh Battery
Redmi 2 (White| 8 GB),5999,5999,Out Of Stock,4.2,1 GB RAM | 8 GB ROM | Expandable Upto 32 GB,11.94 cm (4.7 inch) HD Display,8MP Rear Camera | 2MP Front Camera,2200 mAh Li-Ion Polymer Battery
Samsung Galaxy J5 (White| 8 GB),11390,7990,Out Of Stock,4.3,1.5 GB RAM | 8 GB ROM | Expandable Upto 128 GB,12.7 cm (5 inch) HD Display,13MP Rear Camera | 5MP Front Camera,2600 mAh Battery
Moto G (3rd Generation) (Black| 16 GB),10999,10999,Out Of Stock,4.3,2 GB RAM | 16 GB ROM | Expandable Upto 32 GB,12.7 cm (5 inch) HD Display,13MP Rear Camera | 5MP Front Camera,2470 mAh Battery
Moto G (3rd Generation) (Black| 8 GB),9999,9999,Out Of Stock,4.2,1 GB RAM | 8 GB ROM | Expandable Upto 32 GB,12.7 cm (5 inch) HD Display,13MP Rear Camera | 5MP Front Camera,2470 mAh Battery
Honor 5C (Gold| 16 GB),9999,8999,Out Of Stock,4.2,2 GB RAM | 16 GB ROM | Expandable Upto 128 GB,13.21 cm (5.2 inch) Full HD Display,13MP Rear Camera | 8MP Front Camera,3000 mAh Li-Polymer Battery
Honor 5C (Silver| 16 GB),9999,8999,Out Of Stock,4.2,2 GB RAM | 16 GB ROM | Expandable Upto 128 GB,13.21 cm (5.2 inch) Full HD Display,13MP Rear Camera | 8MP Front Camera,3000 mAh Li-Polymer Battery
Redmi 3S Prime (Silver| 32 GB),8999,8999,Out Of Stock,4.3,3 GB RAM | 32 GB ROM | Expandable Upto 128 GB,12.7 cm (5 inch) HD Display,13MP Rear Camera | 5MP Front Camera,4100 mAh Li-Ion Polymer Battery
Redmi Note 5 (Rose Gold| 32 GB),9999,9999,Out Of Stock,4.4,3 GB RAM | 32 GB ROM | Expandable Upto 128 GB,15.21 cm (5.99 inch) Full HD+ Display,12MP Rear Camera | 5MP Front Camera,4000 mAh Li Polymer Battery
Redmi Note 4 (Lake Blue| 64 GB),12999,10999,Out Of Stock,4.4,4 GB RAM | 64 GB ROM | Expandable Upto 128 GB,13.97 cm (5.5 inch) Full HD Display,13MP Rear Camera | 5MP Front Camera,4100 mAh Li-Polymer Battery
Honor 4X Limited Version (Black| 8 GB),6899,6899,Out Of Stock,4.4,2 GB RAM | 8 GB ROM | Expandable Upto 32 GB,13.97 cm (5.5 inch) HD Display,13MP Rear Camera | 5MP Front Camera,3000 mAh Battery
Redmi 3S (Silver| 16 GB),6999,6999,Out Of Stock,4.3,2 GB RAM | 16 GB ROM | Expandable Upto 128 GB,12.7 cm (5 inch) HD Display,13MP Rear Camera | 5MP Front Camera,4100 mAh Li-Ion Polymer Battery
Samsung Galaxy J5 (Black| 8 GB),8999,8999,Out Of Stock,4.3,1.5 GB RAM | 8 GB ROM | Expandable Upto 128 GB,12.7 cm (5 inch) HD Display,13MP Rear Camera | 5MP Front Camera,2600 mAh Battery
OPPO A83 (2018 Edition) (Blue| 64 GB),12999,12999,Out Of Stock,4.2,4 GB RAM | 64 GB ROM |,14.48 cm (5.7 inch) Display,13MP Rear Camera | 8MP Front Camera,3180 mAh Battery
Redmi Y1 (Grey| 64 GB),11975,11975,Out Of Stock,4.1,4 GB RAM | 64 GB ROM | Expandable Upto 128 GB,13.97 cm (5.5 inch) HD Display,13MP Rear Camera | 16MP Front Camera,3080 mAh Battery
Redmi 4A (Dark Grey| 32 GB),6999,6999,Out Of Stock,4.3,3 GB RAM | 32 GB ROM | Expandable Upto 128 GB,12.7 cm (5 inch) HD Display,13MP Rear Camera | 5MP Front Camera,3120 mAh Li-polymer Battery
Redmi Y1 lite (Rose Gold| 16 GB),7999,7999,Out Of Stock,4.1,2 GB RAM | 16 GB ROM | Expandable Upto 128 GB,13.97 cm (5.5 inch) HD Display,13MP Rear Camera | 5MP Front Camera,3080 mAh Battery
Samsung Galaxy Note 3 Neo (White| 16 GB),11250,11250,Out Of Stock,4.2,2 GB RAM | 16 GB ROM | Expandable Upto 64 GB,13.97 cm (5.5 inch) HD Display,8MP Rear Camera | 2MP Front Camera,3100 mAh Li-Ion Battery
Moto G5 Plus (Fine Gold| 16 GB),10500,10500,Out Of Stock,4.3,3 GB RAM | 16 GB ROM | Expandable Upto 128 GB,13.21 cm (5.2 inch) Full HD Display,12MP Rear Camera | 5MP Front Camera,3000 mAh Battery
Yu Ace (Elektric Blue| 16 GB),7999,5999,Coming Soon,4.1,2 GB RAM | 16 GB ROM | Expandable Upto 128 GB,13.84 cm (5.45 inch) HD+ Display,13MP Rear Camera | 5MP Front Camera,4000 mAh Polymer Battery
Yu Ace (Rose Gold| 16 GB),7999,5999,Coming Soon,4.1,2 GB RAM | 16 GB ROM | Expandable Upto 128 GB,13.84 cm (5.45 inch) HD+ Display,13MP Rear Camera | 5MP Front Camera,4000 mAh Polymer Battery
Vivo Y31L (Black| 16 GB),8490,8490,Out Of Stock,4.1,1 GB RAM | 16 GB ROM |,11.94 cm (4.7 inch) quarter HD Display,8MP Rear Camera | 5MP Front Camera,2200 mAh Battery
Lenovo Vibe K5 Note (Grey| 32 GB),12499,12499,Out Of Stock,4.1,4 GB RAM | 32 GB ROM | Expandable Upto 128 GB,13.97 cm (5.5 inch) Full HD Display,13MP Rear Camera | 8MP Front Camera,3500 mAh Li-Ion Polymer Battery
Realme 2 (Diamond Black| 64 GB),11990,10990,Coming Soon,4.4,4 GB RAM | 64 GB ROM | Expandable Upto 256 GB,15.75 cm (6.2 inch) HD+ Display,13MP + 2MP | 8MP Front Camera,4230 mAh Li-ion Battery
Realme 2 (Diamond Red| 32 GB),9990,8990,Coming Soon,4.5,3 GB RAM | 32 GB ROM | Expandable Upto 256 GB,15.75 cm (6.2 inch) HD+ Display,13MP + 2MP | 8MP Front Camera,4230 mAh Li-ion Battery
Realme 2 (Diamond Red| 64 GB),11990,10990,Coming Soon,4.4,4 GB RAM | 64 GB ROM | Expandable Upto 256 GB,15.75 cm (6.2 inch) HD+ Display,13MP + 2MP | 8MP Front Camera,4230 mAh Li-ion Battery
Asus Zenfone 2 Laser ZE550KL (Black| 16 GB),8499,8499,Out Of Stock,4.1,2 GB RAM | 16 GB ROM | Expandable Upto 128 GB,13.97 cm (5.5 inch) HD Display,13MP Rear Camera | 5MP Front Camera,3000 mAh Li-Polymer Battery
Lenovo Vibe K5 Note (Gold| 32 GB),12499,12499,Out Of Stock,4.1,4 GB RAM | 32 GB ROM | Expandable Upto 128 GB,13.97 cm (5.5 inch) Full HD Display,13MP Rear Camera | 8MP Front Camera,3500 mAh Li-Ion Polymer Battery
Infinix HOT 6 Pro (City Blue| 32 GB),8999,7999,Out Of Stock,4.3,3 GB RAM | 32 GB ROM | Expandable Upto 128 GB,15.21 cm (5.99 inch) HD+ Display,13MP + 2MP | 5MP Front Camera,4000 mAh Li-ion Polymer Battery
Micromax Q345 (Grey| 8 GB),5399,5399,Out Of Stock,4.2,1 GB RAM | 8 GB ROM |,12.7 cm (5 inch) HD Display,8MP Rear Camera,2800 mAh Battery
Panasonic P51 (White| 4 GB),6299,6299,Out Of Stock,4.2,1 GB RAM | 4 GB ROM | Expandable Upto 32 GB,12.7 cm (5 inch) HD Display,8MP Rear Camera | 1.3MP Front Camera,2500 mAh Li-Ion Battery
Lava Iris 504Q (Grey| 4 GB),9499,9499,Out Of Stock,4.6,1 GB RAM | 4 GB ROM | Expandable Upto 32 GB,12.7 cm (5 inch) HD Display,8MP Rear Camera | 2MP Front Camera,2000 mAh Li-Polymer Battery
Karbonn Sparkle V (Wild Red| 4 GB),2899,2899,Out Of Stock,4.1,1 GB RAM | 4 GB ROM | Expandable Upto 32 GB,11.43 cm (4.5 inch) FWVGA Display,5MP Rear Camera | 2MP Front Camera,1700 mAh Li-Polymer Battery
XOLO Q2100 (White| 8 GB),7000,7000,Out Of Stock,4.2,1 GB RAM | 8 GB ROM | Expandable Upto 32 GB,13.97 cm (5.5 inch) HD Display,8MP Rear Camera | 2MP Front Camera,2800 mAh Li-Polymer Battery
Intex Aqua Curve (Blue| 4 GB),9582,9582,Out Of Stock,4.3,1 GB RAM | 4 GB ROM | Expandable Upto 32 GB,12.7 cm (5 inch) quarter HD Display,8MP Rear Camera | 2MP Front Camera,2000 mAh Li-Ion Battery
Karbonn Sparkle V (White| 4 GB),3999,3999,Out Of Stock,4.1,1 GB RAM | 4 GB ROM | Expandable Upto 32 GB,11.43 cm (4.5 inch) FWVGA Display,5MP Rear Camera | 2MP Front Camera,1700 mAh Li-Polymer Battery
Gionee Elife E7 (White| 16 GB),9000,9000,Out Of Stock,4.1,2 GB RAM | 16 GB ROM |,13.97 cm (5.5 inch) Full HD Display,16MP Rear Camera | 8MP Front Camera,2500 mAh Polymer Battery
Gionee Elife E7 (White| 16 GB),9000,9000,Out Of Stock,4.1,2 GB RAM | 16 GB ROM |,13.97 cm (5.5 inch) Full HD Display,16MP Rear Camera | 8MP Front Camera,2500 mAh Polymer Battery
Panasonic P81 (Black| 8 GB),11900,11900,Out Of Stock,4.1,1 GB RAM | 8 GB ROM | Expandable Upto 32 GB,13.97 cm (5.5 inch) HD Display,13MP Rear Camera | 2MP Front Camera,2500 mAh Li-Ion Battery
Asus Zenfone 2 Laser ZE550KL (Gold| 16 GB),7999,7999,Out Of Stock,4.1,2 GB RAM | 16 GB ROM | Expandable Upto 128 GB,13.97 cm (5.5 inch) HD Display,13MP Rear Camera | 5MP Front Camera,3000 mAh Li-Polymer Battery
Micromax Canvas Juice A177 (White| 4 GB),8291,8291,Out Of Stock,4.4,1 GB RAM | 4 GB ROM | Expandable Upto 32 GB,12.7 cm (5 inch) FWVGA Display,5MP Rear Camera | 0.3MP Front Camera,3000 mAh Battery
Honor 6X (Gold| 64 GB),11999,11999,Out Of Stock,4.3,4 GB RAM | 64 GB ROM | Expandable Upto 128 GB,13.97 cm (5.5 inch) Full HD Display,12MP + 2MP | 8MP Front Camera,3340 mAh Battery
Asus Zenfone 2 Laser 5.5 (Red| 16 GB),9999,9999,Out Of Stock,4.2,3 GB RAM | 16 GB ROM | Expandable Upto 128 GB,13.97 cm (5.5 inch) HD Display,13MP Rear Camera | 5MP Front Camera,3000 mAh Li-Polymer Battery
Gionee M7 Power (Blue| 64 GB),11999,11999,Out Of Stock,4.2,4 GB RAM | 64 GB ROM | Expandable Upto 256 GB,15.24 cm (6.0 inch) HD+ Display,13MP Rear Camera | 8MP Front Camera,5000 mAh Li-poly Battery
Adcom Smartphone (White| 4 GB),3999,3999,Out Of Stock,4.2,1 GB RAM | 4 GB ROM | Expandable Upto 32 GB,8.89 cm (3.5 inch) FWVGA Display,3.2MP Rear Camera | 1.3MP Front Camera,2000 mAh Li-Ion Battery
mPhone 7 Plus (White| 64 GB),8599,8599,Out Of Stock,4.2,4 GB RAM | 64 GB ROM |,13.97 cm (5.5 inch) Display,16MP Rear Camera,3000 mAh Battery
Gionee Elife E7 (Black| 16 GB),9000,9000,Out Of Stock,4.1,2 GB RAM | 16 GB ROM |,13.97 cm (5.5 inch) Full HD Display,16MP Rear Camera | 8MP Front Camera,2500 mAh Polymer Battery
HTC One (M8 Eye) (Grey| 16 GB),12999,12999,Out Of Stock,4.2,2 GB RAM | 16 GB ROM | Expandable Upto 128 GB,12.7 cm (5 inch) Full HD Display,13MP Rear Camera | 5MP Front Camera,2600 mAh Li-Polymer Battery
Lenovo Vibe K5 Note (Gold| 64 GB),11380,11380,Out Of Stock,4.1,4 GB RAM | 64 GB ROM | Expandable Upto 128 GB,13.97 cm (5.5 inch) Full HD Display,13MP Rear Camera | 8MP Front Camera,3500 mAh Li-Ion Polymer Battery
HTC One M8 (Amber Gold| 16 GB),11999,11999,Out Of Stock,4.5,2 GB RAM | 16 GB ROM | Expandable Upto 128 GB,12.7 cm (5 inch) Full HD Display,5MP Front Camera,2600 mAh Li-Polymer Battery
Lava Iris X5 4G (Royal Black| 16 GB),5999,5999,Out Of Stock,4.1,2 GB RAM | 16 GB ROM | Expandable Upto 32 GB,12.7 cm (5 inch) HD Display,13MP Rear Camera | 8MP Front Camera,2500 mAh Li-Polymer Battery
Asus Zenfone Max ZC550KL (Black| 32 GB),11999,11999,Out Of Stock,4.1,3 GB RAM | 32 GB ROM | Expandable Upto 64 GB,13.97 cm (5.5 inch) HD Display,13MP Rear Camera | 5MP Front Camera,5000 mAh Battery
Sony Xperia SP (Black| 8 GB),9890,9890,Out Of Stock,4.1,1 GB RAM | 8 GB ROM | Expandable Upto 32 GB,11.68 cm (4.6 inch) HD Display,8MP Rear Camera | 0.3MP Front Camera,2370 mAh Battery
LG Stylus 2 Plus (Titan| 16 GB),9999,9999,Out Of Stock,4.1,3 GB RAM | 16 GB ROM | Expandable Upto 200 GB,14.48 cm (5.7 inch) Full HD Display,16MP Rear Camera | 8MP Front Camera,3000 mAh Battery
Nokia X2 Dual SIM (Bright Orange| 4 GB),8500,8500,Out Of Stock,4.1,1 GB RAM | 4 GB ROM | Expandable Upto 32 GB,10.9 cm (4.29 inch) WVGA Display,5MP Rear Camera,1800 mAh Battery
Asus Zenfone Max ZC550KL (Orange| 32 GB),12999,12999,Out Of Stock,4.1,3 GB RAM | 32 GB ROM | Expandable Upto 64 GB,13.97 cm (5.5 inch) HD Display,13MP Rear Camera | 5MP Front Camera,5000 mAh Battery
Samsung Galaxy A5 2016 Edition (Gold| 16 GB),9999,9999,Out Of Stock,4.1,2 GB RAM | 16 GB ROM | Expandable Upto 128 GB,13.21 cm (5.2 inch) Full HD Display,13MP Rear Camera | 5MP Front Camera,2900 mAh Li-Ion Battery
Asus Zenfone 5 (Red| 16 GB),6399,6399,Out Of Stock,4.1,2 GB RAM | 16 GB ROM | Expandable Upto 64 GB,12.7 cm (5 inch) HD Display,8MP Rear Camera | 2MP Front Camera,2110 mAh Lithium Battery
Asus Zenfone 3 (Gold| 64 GB),8499,8499,Out Of Stock,4.3,4 GB RAM | 64 GB ROM | Expandable Upto 2 TB,13.97 cm (5.5 inch) Full HD Display,16MP Rear Camera | 8MP Front Camera,3000 mAh Battery
Samsung Galaxy A5 (Champagne Gold| 16 GB),11900,11900,Out Of Stock,4.1,2 GB RAM | 16 GB ROM | Expandable Upto 64 GB,12.7 cm (5 inch) HD Display,13MP Rear Camera | 5MP Front Camera,2300 mAh Battery
Mi 4i (White| 16 GB),7990,7990,Out Of Stock,4.2,2 GB RAM | 16 GB ROM |,12.7 cm (5 inch) Full HD Display,13MP Rear Camera | 5MP Front Camera,3030 mAh Li-ion Polymer Battery
Asus Zenfone 5 (Black| 16 GB),5249,5249,Out Of Stock,4.1,2 GB RAM | 16 GB ROM | Expandable Upto 64 GB,12.7 cm (5 inch) HD Display,8MP Rear Camera | 2MP Front Camera,2110 mAh Lithium Battery
Lenovo P2 (Gold| 32 GB),9950,9950,Out Of Stock,4.3,3 GB RAM | 32 GB ROM | Expandable Upto 128 GB,13.97 cm (5.5 inch) Full HD Display,13MP Rear Camera | 5MP Front Camera,5100 mAh Battery
Lenovo P2 (Grey/Graphite Grey| 32 GB),9950,9950,Out Of Stock,4.3,3 GB RAM | 32 GB ROM | Expandable Upto 128 GB,13.97 cm (5.5 inch) Full HD Display,13MP Rear Camera | 5MP Front Camera,5100 mAh Battery
LG L90 Dual (White| 8 GB),11990,11990,Out Of Stock,4.2,1 GB RAM | 8 GB ROM | Expandable Upto 32 GB,10.16 cm (4 inch) quarter HD Display,8MP Rear Camera | 0.3MP Front Camera,2540 mAh Li-Ion Battery
Spice Dream UNO Mi-498H(Android One) (Black| 4 GB),3999,3999,Out Of Stock,4.2,1 GB RAM | 4 GB ROM |,11.43 cm (4.5 inch) FWVGA Display,5MP Rear Camera,1700 mAh Battery
Lenovo P2 (Gold| 32 GB),9999,9999,Out Of Stock,4.3,4 GB RAM | 32 GB ROM | Expandable Upto 128 GB,13.97 cm (5.5 inch) Full HD Display,13MP Rear Camera | 5MP Front Camera,5100 mAh Battery
Lenovo VIBE P1 (Grey| 32 GB),8999,8999,Out Of Stock,4.1,2 GB RAM | 32 GB ROM | Expandable Upto 128 GB,13.97 cm (5.5 inch) Full HD Display,13MP Rear Camera | 5MP Front Camera,4900 mAh Li-Polymer Battery
